,freezing,cold,warm,hot,not_rainy,lightly_rainy,very_rainy,not_snowy,lightly_snowy,very_snowy,windy,low_humidity,medium_humidity,high_humidity,clear,partly_cloudy,cloudy,geo
0.0,0.48028477546549836,0.5197152245345017,0.0,0.9534501642935378,0.0,0.1333515881708653,1.0,0.0,0.0,0.5106790799561884,0.000547645125958379,0.03943044906900329,0.9600219058050383,0.45618838992332966,0.3305038335158817,0.21330777656078861,us | San Francisco
0.06955093099671412,0.39731653888280394,0.3893756845564075,0.14375684556407448,0.9342825848849945,0.0002738225629791895,0.23274917853231106,0.9227820372398685,0.06653888280394304,0.01067907995618839,0.29326396495071194,0.0,0.24616648411829134,0.7538335158817087,0.3828039430449069,0.3099671412924425,0.3072289156626506,us | New York
0.005750273822562979,0.5451807228915663,0.4356516976998905,0.013417305585980284,0.981106243154436,0.0002738225629791895,0.2447973713033954,0.9723439211391018,0.02710843373493976,0.000547645125958379,0.4997261774370208,0.0,0.014512595837897043,0.985487404162103,0.14923329682365827,0.34255202628696607,0.5082146768893757,gb | London
0.07256297918948522,0.47782037239868563,0.3956736035049288,0.05394304490690033,0.981106243154436,0.0,0.24315443592552027,0.9145673603504929,0.08488499452354874,0.000547645125958379,0.35761226725082146,0.0,0.12267250821467689,0.8773274917853231,0.22207009857612267,0.31626506024096385,0.46166484118291345,de | Berlin
0.0,0.3176341730558598,0.49616648411829134,0.18619934282584885,0.9099123767798467,0.0,0.286144578313253,0.9756297918948521,0.02135815991237678,0.0030120481927710845,0.5153340635268346,0.0002738225629791895,0.16812705366922234,0.8315991237677984,0.37458926615553123,0.29244249726177435,0.3329682365826944,jp | Tokyo
